{
    "config": {
        "seed": "42",
        "max_steps": 4294967295,
        "safrole": false,
        "profile": {
            "full": null
        },
        "fuzzy_profile": {
            "full": null
        },
        "max_work_items": 5,
        "mutation_ratio": 0.1,
        "max_mutations": 0
    },
    "stats": {
        "steps": 5,
        "imported": 1,
        "import_max_step": 5,
        "import_min": 19.207399,
        "import_max": 19.207399,
        "import_mean": 19.207399,
        "import_p50": 19.207399,
        "import_p75": 0.0,
        "import_p90": 19.207399,
        "import_p99": 0.0,
        "import_std_dev": 0.0
    },
    "target": {
        "info": {
            "fuzz_version": 1,
            "fuzz_features": 2,
            "jam_version": {
                "major": 0,
                "minor": 7,
                "patch": 2
            },
            "app_version": {
                "major": 0,
                "minor": 7,
                "patch": 2
            },
            "app_name": "pbnj-fuzzer-target"
        },
        "stats": {
            "steps": 5,
            "imported": 1,
            "import_max_step": 5,
            "import_min": 7985.198966000001,
            "import_max": 7985.198966000001,
            "import_mean": 7985.198966000001,
            "import_p50": 7985.198966000001,
            "import_p75": 0.0,
            "import_p90": 7985.198966000001,
            "import_p99": 0.0,
            "import_std_dev": 0.0
        }
    },
    "error": {
        "state_diff": {
            "roots": {
                "exp": "0x4d837cd9339076d25a3370aa9a4e5298cd320ad3ab30b1bd53a7f5f2699b92af",
                "got": "0x39ff6369b392c41190460bb7eb04a4678769c79e39bf3d96c4429938c3e98a82"
            },
            "keyvals": [
                {
                    "key": "0x000e00f500250079af77454ec8855fdef99481b0c73818c0f60c96fc5578dd",
                    "diff": {
                        "exp": "0xa06e698d52e508fd4ec877f65411fb5ce0e03c89f4acb87d42581b5f7fa76069",
                        "got": "0x"
                    }
                },
                {
                    "key": "0x003d0012002c006605b0deb6639d723c70d807e825adf32ea2f70fe3196813",
                    "diff": {
                        "exp": "0x48a1eaa9020a7e014f2d1d8ad814a31af888fec6f3853681b3e0ffec624a1602",
                        "got": "0x"
                    }
                },
                {
                    "key": "0x00670042003d00acefed357efdbc102a458883131bf5a212589c42fc56cbe5",
                    "diff": {
                        "exp": "0x2d3878bf730e52fc9323e26ecfab467f714cb402365a1f6ddeb90e47c7bca2a6",
                        "got": "0x"
                    }
                },
                {
                    "key": "0x00b70012007c0031b8bdb286c2082b4d3adab0a27defa04f1550c3b9487565",
                    "diff": {
                        "exp": "0x4c623bfd73d70750eb6e35b061f645e67a9ab81bfb04023c7209ae8d286f9398",
                        "got": "0x"
                    }
                },
                {
                    "key": "0x00d80023003a0024d908c0287ee3aa15fe45198a3120d31bc920447b2ddde0",
                    "diff": {
                        "exp": "0x6d23dee612566197264d8d0c6d2c2663309ed949ce33f64f88987d1b681427d9",
                        "got": "0x"
                    }
                },
                {
                    "key": "0x00f5009a00d200631b4f8e53d6450360710aefb553b15462553eecc02c0eff",
                    "diff": {
                        "exp": "0xf400000000000000",
                        "got": "0xee00000000000000"
                    }
                },
                {
                    "key": "0x03000000000000000000000000000000000000000000000000000000000000",
                    "diff": {
                        "exp": "0x08cde80c5aef25e79690ace17b254d5803904dbea0396d54373b934157395e738491826774a1bd243222962f70ea9ead543e10dfbe252ee3d99a1246749fc822af4de0c6cb9d89fc6aa7dc65a5d026bfd45b8d9f0dcdf0245f4f615f77a2f0746300ebf2df494dc69082fcf473e1a63de2a531e7e7be648643f450694a4aa4239c6328d58a6a385f32d65846e968a1943321530fc638d0b88a3747cf869dea5b9946f1865963e7b5b1625361cd95d26802b730cfab085c872116ed68c576ee1fbb98022a51ff80354d6deb65df0a3232b6ccb705540d168bf0a8093afd7f023ec8ec420000000000000000000000000000000000000000000000000000000000000000487cb4430689d93022e73652f1b3a86d22c4e062cc0bb55550c441e67e8ab41f00000000000000000000000000000000000000000000000000000000000000003b83a2bd89e7cbaf84068b905c4df4eeef58fed69da233d4f256adcc2b61e5a6be6f59cd7f3c7e8222010a4c80a8fb389fa2a0408cee88a710d55973a9621758d04ebf11d7850a3691c922d8e48260cbc93f5fc1c06750a3d427a3884a8f44c000f705301bde2b35f48e5e2a4b36c1aa2653cea2316422231a1461e1bddeaae87d22e5a5370aaa5e5a97ca0e225e2c7fb0cb34cc854c491d51f4beb9b6431deced509660a355af7e81e57c16b924cf5262f7f6f039dacf2e391654f7f476a17999013693634857e58c90b1f2d033f1fea6eb42c25de10e7c3020d1351655e5f19ec200000000000000000000000000000000000000000000000000000000000000004c5f1c0ae7124787f68e54894cf7d786d2fce2d6c2bba07e310252aa7562dc38a130e192d1c54dbb2c3dcc071952f6b3eb1f878bcd5e85abcfe9ccee264cd9aeba31c559831119db2a7a86f8f8a507470a16bdd16be008aa7461d6ce5a3175340116f1593861cb562e57f7f0c112a5d78176503d145c04001ba42aa91a6fb16b920000000000000000000000000000000000000000000000000000000000000000266b2cba6399d5f40f4b3265589770294675dbedef3422e309d1394c9c27c44e7aa24c28663e89072be5c69ae82099df1b5451cc30e2a24fe69cff17a988b79bbfaf0d5b6f4a6a872fee901a5e5f816262019ac0258167ed766d3bfa68659a6300c81b010c42fe03f7f62d796d686210a10ec1414ced155df774e264d98d59af3275830c270f4a005e8e5cb76b2354303bdfd1a74c25cfdce8fc877ef9189e7b58162d32f4a29d2b2e3b61ba33e11be17ed491f6e06a960ea1da785695293e4d5201f6ca034f64c2b14413d5d8dcf202d943e582fd54fcc29ab3250d848e4acb968300000000000000000000000000000000000000000000000000000000000000006903a432e3e3264dce61c0a9fdeeb975ac3ca9683eefa01f774a7b0edc95e8d1a69ff5854a445dba83255fd4f74d7e74da92f38af1c3e4a5830e147832cb6c4f000000000000000000000000000000000000000000000000000000000000000001a2f6623ad2ba493ef80c7fe7ba3a5c30f012cb3faa1a76ef07ff55f8f8b35db800000000000000000000000000000000000000000000000000000000000000000a0001928db37063df3e0cc3a656b4caea7bad4af8b301bd4f2928b509455cc1e9495601b4c11951957c6f8f642c4af61cd6b24640fec6dc7fc607ee8206a99e92410d3000000000019d571bc8efeb8d9a095f16340899c0ba42722acc10afa0e5721097f82141f971018d5ea15ca877fdf8dd85f119b618c0ea943f01c08a12b3b160aa57b7d5ae68dd01bfaa3fcdd12d492dddba86c67602b10d40e8b97e798ed48c9f83c3aa411bab24",