{
    "config": {
        "seed": "42",
        "max_steps": 4294967295,
        "safrole": false,
        "profile": {
            "full": null
        },
        "fuzzy_profile": {
            "full": null
        },
        "max_work_items": 5,
        "mutation_ratio": 0.1,
        "max_mutations": 0
    },
    "stats": {
        "steps": 4,
        "imported": 1,
        "import_max_step": 4,
        "import_min": 20.108185,
        "import_max": 20.108185,
        "import_mean": 20.108185,
        "import_p50": 20.108185,
        "import_p75": 0.0,
        "import_p90": 20.108185,
        "import_p99": 0.0,
        "import_std_dev": 0.0
    },
    "target": {
        "info": {
            "fuzz_version": 1,
            "fuzz_features": 2,
            "jam_version": {
                "major": 0,
                "minor": 7,
                "patch": 2
            },
            "app_version": {
                "major": 0,
                "minor": 3,
                "patch": 1
            },
            "app_name": "new_jamneration"
        },
        "stats": {
            "steps": 4,
            "imported": 1,
            "import_max_step": 4,
            "import_min": 218.341113,
            "import_max": 218.341113,
            "import_mean": 218.341113,
            "import_p50": 218.341113,
            "import_p75": 0.0,
            "import_p90": 218.341113,
            "import_p99": 0.0,
            "import_std_dev": 0.0
        }
    },
    "error": {
        "state_diff": {
            "roots": {
                "exp": "0x82d2e7d78527e9427d5b5d8ae331762d1431f190f7da39eb4195c40810b5787d",
                "got": "0xdc5d2f4b37685331d698facce444bf7c70fb38cb935f6b586b1317985509a0d5"
            },
            "keyvals": [
                {
                    "key": "0xff000000000000000000000000000000000000000000000000000000000000",
                    "diff": {
                        "exp": "0x00d1b097b4410b3a63446d7c57d093972a9744fcd2d74f4a5e2ec163610e6d63277753d4ffffffffff0a000000000000000a00000000000000cd29020000000000ffffffffffffffff30000000000000006a02000000000000",
                        "got": "0x00d1b097b4410b3a63446d7c57d093972a9744fcd2d74f4a5e2ec163610e6d632790e0ccffffffffff0a000000000000000a00000000000000cd29020000000000ffffffffffffffff30000000000000006a02000000000000"
                    }
                }
            ]
        }
    }
}