{
    "config": {
        "seed": "42",
        "max_steps": 4294967295,
        "safrole": false,
        "profile": {
            "full": null
        },
        "fuzzy_profile": {
            "full": null
        },
        "max_work_items": 5,
        "mutation_ratio": 0.1,
        "max_mutations": 0
    },
    "stats": {
        "steps": 2,
        "imported": 1,
        "import_max_step": 2,
        "import_min": 18.384382000000002,
        "import_max": 18.384382000000002,
        "import_mean": 18.384382000000002,
        "import_p50": 18.384382000000002,
        "import_p75": 0.0,
        "import_p90": 18.384382000000002,
        "import_p99": 0.0,
        "import_std_dev": 0.0
    },
    "target": {
        "info": {
            "fuzz_version": 1,
            "fuzz_features": 2,
            "jam_version": {
                "major": 0,
                "minor": 7,
                "patch": 2
            },
            "app_version": {
                "major": 0,
                "minor": 7,
                "patch": 2
            },
            "app_name": "pbnj-fuzzer-target"
        },
        "stats": {
            "steps": 2,
            "imported": 1,
            "import_max_step": 2,
            "import_min": 7271.454043000001,
            "import_max": 7271.454043000001,
            "import_mean": 7271.454043000001,
            "import_p50": 7271.454043000001,
            "import_p75": 0.0,
            "import_p90": 7271.454043000001,
            "import_p99": 0.0,
            "import_std_dev": 0.0
        }
    },
    "error": {
        "state_diff": {
            "roots": {
                "exp": "0x4b3f76d1cc7c79844930f18cc55d3e3f286d05ff06c2533bc6bd040287ec1a9c",
                "got": "0xf3889c04606d791c7e6fcc1ee533c1adb18843f8cee3636140b7039b10a3307b"
            },
            "keyvals": [
                {
                    "key": "0x0d000000000000000000000000000000000000000000000000000000000000",
                    "diff": {
                        "exp": "0x00000000000000000000000000000000010000000200000000000000000000000000000000000000010000000200000001000000000000000000000000000000010000000200000000000000000000000000000000000000010000000200000000000000000000000000000000000000010000000200000001000000000000000000000000000000010000000200000000000000000000000000000000000000040000000a00000004000000000000000000000000000000060000000a00000003000000000000000000000000000000060000000c00000001000000000000000100000030000000040000000c00000002000000000000000000000000000000060000000b000000020000000000000000000000000000000400000009000000bf2d0500198598008bb8ad288ef9050007814c00842c96d607daec5402000000000000000004c12004c99b8512000000000000000002c2cef02c3bf1270000018b55000480d5000000e351564100000296aa0010836b0002c38d398807c444000000000000000002c44ec6312c516100000296aa000581740001af82c1dce0630000018b5500078130000000",
                        "got": "0x00000000000000000000000000000000010000000200000000000000000000000000000000000000010000000200000001000000000000000000000000000000010000000200000000000000000000000000000000000000010000000200000000000000000000000000000000000000010000000200000001000000000000000000000000000000010000000200000000000000000000000000000000000000040000000a00000004000000000000000000000000000000060000000a00000003000000000000000000000000000000060000000c00000001000000000000000100000030000000040000000c00000002000000000000000000000000000000060000000b000000020000000000000000000000000000000400000009000000bf2d0500198598008bb8ad288ef9050007814c00842c96d607daec5402000000000000000004c12004c99b8512000000000000000002c2cef02c3bf1270000018b55000480d5000000e351564100000296aa0010836b0002c38d398807c444000000000000000001c2d940312c516100000296aa000581740001af82c1dce0630000018b5500078130000000"
                    }
                },
                {
                    "key": "0x0f000000000000000000000000000000000000000000000000000000000000",
                    "diff": {
                        "exp": "0x01b401c1f0228d392b1d476ee56520d97c3c27e00c46be6a7fb07e0ba5d05e8e580001990364773782448016a34e11c4b07286df60b333b690cf25d02ecdf47fa880d80184bdf33e3ddfcb9378a03b3cba230eb2bf46269ac91b5e456a361b91b0e27b4700019d2aa4dd635252093c420aae492b7202edb940ba75f22c9831ec853167c5df9301b9e7c046bfef93d13d6fbd3e63c09a68bbd6aa77f2f2a109563a5804ba12a832012aed02ea9419551c549f3abe82ebefb6d421ea8c05144af6383b315f1b0cae64013ec0cfa34e2dde629a7ed27acec2c94d24601ebaf919f67d23fc673442a033380000030b12d0e031457af32f9154f33e2ffc2be44d40e77d7982133ef74202a999d5019d4f40923461160c27d0f8bfb51225aab52a7fa1323437629cfc2007f347083fe6d3950537d0fb2e0828af5278206bbd350b3251b4460a517ef4805cf7b18e28",
                        "got": "0x01b401c1f0228d392b1d476ee56520d97c3c27e00c46be6a7fb07e0ba5d05e8e580001990364773782448016a34e11c4b07286df60b333b690cf25d02ecdf47fa880d80184bdf33e3ddfcb9378a03b3cba230eb2bf46269ac91b5e456a361b91b0e27b4700019d2aa4dd635252093c420aae492b7202edb940ba75f22c9831ec853167c5df9301b9e7c046bfef93d13d6fbd3e63c09a68bbd6aa77f2f2a109563a5804ba12a832012aed02ea9419551c549f3abe82ebefb6d421ea8c05144af6383b315f1b0cae64013ec0cfa34e2dde629a7ed27acec2c94d24601ebaf919f67d23fc673442a033380000020b12d0e031457af32f9154f33e2ffc2be44d40e77d7982133ef74202a999d5019d4f40923461160c27d0f8bfb51225aab52a7fa1323437629cfc2007f347083f"
                    }
                }
            ]
        }
    }
}