{
    "config": {
        "seed": "42",
        "max_steps": 4294967295,
        "safrole": false,
        "profile": {
            "full": null
        },
        "fuzzy_profile": {
            "full": null
        },
        "max_work_items": 5,
        "mutation_ratio": 0.1,
        "max_mutations": 5
    },
    "stats": {
        "steps": 6,
        "imported": 1,
        "import_max_step": 6,
        "import_min": 14.140804,
        "import_max": 14.140804,
        "import_mean": 14.140804,
        "import_p50": 14.140804,
        "import_p75": 0.0,
        "import_p90": 14.140804,
        "import_p99": 0.0,
        "import_std_dev": 0.0
    },
    "target": {
        "info": {
            "fuzz_version": 1,
            "fuzz_features": 2,
            "jam_version": {
                "major": 0,
                "minor": 7,
                "patch": 2
            },
            "app_version": {
                "major": 0,
                "minor": 3,
                "patch": 31
            },
            "app_name": "JavaJAM"
        },
        "stats": {
            "steps": 6,
            "imported": 1,
            "import_max_step": 6,
            "import_min": 21.168988,
            "import_max": 21.168988,
            "import_mean": 21.168988,
            "import_p50": 21.168988,
            "import_p75": 0.0,
            "import_p90": 21.168988,
            "import_p99": 0.0,
            "import_std_dev": 0.0
        }
    },
    "error": {
        "state_diff": {
            "roots": {
                "exp": "0x722da80e313283cdb9ed346a87be0b0057151b1876139cfa1ff2c75c746584df",
                "got": "0x48850bab8b4e3502dafad3278d35fe24527d1e8624ec3ad5233c9f8b157dc553"
            },
            "keyvals": [
                {
                    "key": "0x0d000000000000000000000000000000000000000000000000000000000000",
                    "diff": {
                        "exp": "0x0100000000000000000000000000000002000000050000000000000000000000000000000000000002000000040000000100000000000000000000000000000004000000050000000200000000000000000000000000000004000000050000000100000000000000010000003d390200040000000600000002000000000000000000000000000000020000000500000000000000000000000000000000000000000000000000000000000000000000000000000000000000000000000000000000000000000000000000000000000000000000000000000000000000000000000000000000000000000000000000000000000000000000000000000000000000000000000000000000000000000000000000000000000000000000000000000000040000000000008df605000a821400f0e4ffffff9f7a02000000000000019f7a000a82140004c49e0d6f0a920a01c23d390000000000000000",
                        "got": "0x0100000000000000000000000000000002000000050000000000000000000000000000000000000002000000040000000100000000000000000000000000000004000000050000000200000000000000000000000000000004000000050000000100000000000000010000003d390200040000000600000002000000000000000000000000000000020000000500000000000000000000000000000000000000000000000000000000000000000000000000000000000000000000000000000000000000000000000000000000000000000000000000000000000000000000000000000000000000000000000000000000000000000000000000000000000000000000000000000000000000000000000000000000000000000000000000000000040000000000008df605000a821400ffe4ffffffffffffff9f7a02000000000000019f7a000a82140004c49e0d6f0a920a01c23d390000000000000000"
                    }
                }
            ]
        }
    }
}