{
    "config": {
        "seed": "42",
        "max_steps": 4294967295,
        "safrole": false,
        "profile": {
            "full": null
        },
        "fuzzy_profile": {
            "full": null
        },
        "max_work_items": 3,
        "mutation_ratio": 0.0,
        "max_mutations": 0
    },
    "stats": {
        "steps": 1,
        "imported": 1,
        "import_max_step": 1,
        "import_min": 1.6049440000000001,
        "import_max": 1.6049440000000001,
        "import_mean": 1.6049440000000001,
        "import_p50": 1.6049440000000001,
        "import_p75": 0.0,
        "import_p90": 1.6049440000000001,
        "import_p99": 0.0,
        "import_std_dev": 0.0
    },
    "target": {
        "info": {
            "fuzz_version": 1,
            "fuzz_features": 2,
            "jam_version": {
                "major": 0,
                "minor": 7,
                "patch": 2
            },
            "app_version": {
                "major": 0,
                "minor": 1,
                "patch": 2
            },
            "app_name": "jam-forge"
        },
        "stats": {
            "steps": 1,
            "imported": 1,
            "import_max_step": 1,
            "import_min": 301.33310800000004,
            "import_max": 301.33310800000004,
            "import_mean": 301.33310800000004,
            "import_p50": 301.33310800000004,
            "import_p75": 0.0,
            "import_p90": 301.33310800000004,
            "import_p99": 0.0,
            "import_std_dev": 0.0
        }
    },
    "error": {
        "state_diff": {
            "roots": {
                "exp": "0x11fdf1b4c9c61b9ac66742d507e5f33119275d064bff9b4f6c9f8bb40500a94a",
                "got": "0x9d3230b789e777e26170c4b2a72131e8beca893a4e22de6d614fbc0f5ccc91e5"
            },
            "keyvals": [
                {
                    "key": "0x0e000000000000000000000000000000000000000000000000000000000000",
                    "diff": {
                        "exp": "0x0000000000000000000000016420b74e77b3f154e2c6def25e889a62644e9ce7f815e17dd2c42bc5a2147ac0a10e000053ece0762847f54cf82831b39dba43a119e0360c327e79b47556d6a72a5bfadf00000000000000000000000000000000000000000000000000000000000000000000988a81806cc424e923d10e79da0717a2d2e7ae00a96c8a8e83e5b87c358779e373bbad7be96f47ff774d4f9455f0e3a0a38645a20d7d3fb0c99534e3482cbe98230dc74ced59461bf7c864045c49bf2a3694f4af5ec85cd7a1ef5878891a0d13988a81806cc424e923d10e79da0717a2d2e7ae00a96c8a8e83e5b87c358779e31101000003a4b8e4fc9771ef9ab4fb2c4801609e68b21c466439dc4c417c4757903eefc096ba5528190a866fff0d6c073969c0a679cfbccdb891a0a91bb9e5c6ab4c10b769f12260b6b32e075977e12357960f98e7652fc0d79e66de014e9667e8aad9de66002357426f2313559a271d6782dc00197b379f79cbe3c6a1e72f61f7b592c509f80300000500000000d1b097b4410b3a63446d7c57d093972a9744fcd2d74f4a5e2ec163610e6d6327c34c5e1788c253bbaca4c1053ac4f510103b7b060568d41b966b0174fdeae07b80841e000000000000809601029ab773ffab360000000000001083000000000000726566696c6c0000000000000000000000000000000000000000000000000000000000000000000000000000000000000000000000000000000000000000000000000000000000000000000000000000000000000000000000000000000000000000000000000000000000000000000000000000000000000000000000000000a368000882c1009ab773ffbb8648e2eb5cab1ebb8129eca29c8af2e5155fe1ac9400ab01852a1e0cc82b1eb5b8435f5b6b7e7b6c1c83d3172366fda851ecf46a81af26925601881d70101080841e0000000000003701010d00000000d3a7771c9b673869c5673869ef673869466da575bf52dd8acaf75090f4f75090ec7982ac04f679f39ab773ff9185853c8b59000480c2009b673869bb8648e2eb5cab1ebb8129eca29c8af2e5155fe1ac9400ab01852a1e0cc82b1e9429d48a552670a05aa661e6959b8eab7709560fa9ec8c4694085ecdf5a082a480841e0000000000003701010d00000000d3a7771c9b673869c5673869ef673869466da575bf52dd8acaf75090f4f75090ec7982ac04f679f39ab773ff937329f58b59000135009ab773ffbb8648e2eb5cab1ebb8129eca29c8af2e5155fe1ac9400ab01852a1e0cc82b1ea01d94f0a01170ef4d962427f828a3a7150aac6890759c21747771488fdb736c80841e0000000000003701010d00000000d3a7771c9b673869c5673869ef673869466da575bf52dd8acaf75090f4f75090ec7982ac04f679f39ab773ffb8ccbc488b59000982e1009ab773ffbb8648e2eb5cab1ebb8129eca29c8af2e5155fe1ac9400ab01852a1e0cc82b1ec902a1d1eb2eeced68b671114ba3644daa8810b617c3abb624ff2b5347610af380841e0000000000003701010d00000000d3a7771c9b673869c5673869ef673869466da575bf52dd8acaf75090f4f75090ec7982ac04f679f39ab773ff64c575a48b59000480c50001f12260b6b32e075977e12357960f98e7652fc0d79e66de014e9667e8aad9de66",