{
    "config": {
        "seed": "42",
        "max_steps": 4294967295,
        "safrole": false,
        "profile": {
            "full": null
        },
        "fuzzy_profile": {
            "full": null
        },
        "max_work_items": 3,
        "mutation_ratio": 0.0,
        "max_mutations": 0
    },
    "stats": {
        "steps": 6,
        "imported": 1,
        "import_max_step": 6,
        "import_min": 12.856091,
        "import_max": 12.856091,
        "import_mean": 12.856091,
        "import_p50": 12.856091,
        "import_p75": 0.0,
        "import_p90": 12.856091,
        "import_p99": 0.0,
        "import_std_dev": 0.0
    },
    "target": {
        "info": {
            "fuzz_version": 1,
            "fuzz_features": 0,
            "jam_version": {
                "major": 0,
                "minor": 7,
                "patch": 2
            },
            "app_version": {
                "major": 0,
                "minor": 7,
                "patch": 2
            },
            "app_name": "pbnj-fuzzer-target"
        },
        "stats": {
            "steps": 6,
            "imported": 1,
            "import_max_step": 6,
            "import_min": 1857.121225,
            "import_max": 1857.121225,
            "import_mean": 1857.121225,
            "import_p50": 1857.121225,
            "import_p75": 0.0,
            "import_p90": 1857.121225,
            "import_p99": 0.0,
            "import_std_dev": 0.0
        }
    },
    "error": {
        "state_diff": {
            "roots": {
                "exp": "0x8965f5332623a40f4ba74b56afa1e0b04b576f4973642cdeb958b5c70c56b1a6",
                "got": "0x27487a8e4d452dad29432f38f0c6e05818755ab2659375b58512c5478d05ba8e"
            },
            "keyvals": [
                {
                    "key": "0x04000000000000000000000000000000000000000000000000000000000000",
                    "diff": {
                        "exp": "0x151e5c8fe2b9d8a606966a79edd2f9e5db47e83947ce368ccba53bf6ba20a40b8b8c5d436f92ecf605421e873a99ec528761eb52a88a2f9a057b3b3003e6f32a00000000000000000000000000000000000000000000000000000000000000000000000000000000000000000000000000000000000000000000000000000000000000000000000000000000000000000000000000000000000000000000000000000000000000000000000000000000000000000000000000000000000000000000000000000000000000000000000000000000000000000000ffff7f000001449c0000000000000000000000000000000000000000000000000000000000000000000000000000000000000000000000000000000000000000000000000000000000000000000000000000000000000000000000000000000000000000000000000000000000000000000000000000dee6d555b82024f1ccf8a1e37e60fa60fd40b1958c4bb3006af78647950e1b91ad93247bd01307550ec7acd757ce6fb805fcf73db364063265b30a949e90d93300000000000000000000000000000000000000000000000000000000000000000000000000000000000000000000000000000000000000000000000000000000000000000000000000000000000000000000000000000000000000000000000000000000000000000000000000000000000000000000000000000000000000000000000000000000000000000000000000000000000000000000ffff7f000001419c00000000000000000000000000000000000000000000000000000000000000000000000000000000000000000000000000000000020000000000000000000000000000000000000000000000000000000000000000000000000000000000000000000000000000000000000000002105650944fcd101621fd5bb3124c9fd191d114b7ad936c1d79d734f9f21392eab0084d01534b31c1dd87c81645fd762482a90027754041ca1b56133d0466c0600000000000000000000000000000000000000000000000000000000000000000000000000000000000000000000000000000000000000000000000000000000000000000000000000000000000000000000000000000000000000000000000000000000000000000000000000000000000000000000000000000000000000000000000000000000000000000000000000000000000000000000ffff7f000001459c00000000000000000000000000000000000000000000000000000000000000000000000000000000000000000000000000000000000000000000000000000000000000000000000000000000000000000000000000000000000000000000000000000000000000000000000000000746846d17469fb2f95ef365efcab9f4e22fa1feb53111c995376be8019981ccf30aa5444688b3cab47697b37d5cac5707bb3289e986b19b17db437206931a8d00000000000000000000000000000000000000000000000000000000000000000000000000000000000000000000000000000000000000000000000000000000000000000000000000000000000000000000000000000000000000000000000000000000000000000000000000000000000000000000000000000000000000000000000000000000000000000000000000000000000000000000ffff7f000001439c0000000000000000000000000000000000000000000000000000000000000000000000000000000000000000000000000000000000000000000000000000000000000000000000000000000000000000000000000000000000000000000000000000000000000000000000000000ff71c6c03ff88adb5ed52c9681de1629a54e702fc14729f6b50d2f0a76f185b34418fb8c85bb3985394a8c2756d3643457ce614546202a2f50b093d762499ace00000000000000000000000000000000000000000000000000000000000000000000000000000000000000000000000000000000000000000000000000000000000000000000000000000000000000000000000000000000000000000000000000000000000000000000000000000000000000000000000000000000000000000000000000000000000000000000000000000000000000000000ffff7f000001409c00000000000000000000000000000000000000000000000000000000000000000000000000000000000000000000000000000000000000000000000000000000000000000000000000000000000000000000000000000000000000000000000000000000000000000000000000009326edb21e5541717fde24ec085000b28709847b8aab1ac51f84e94b37ca1b66cab2b9ff25c2410fbe9b8a717abb298c716a03983c98ceb4def2087500b8e34100000000000000000000000000000000000000000000000000000000000000000000000000000000000000000000000000000000000000000000000000000000000000000000000000000000000000000000000000000000000000000000000000000000000000000000000000000000000000000000000000000000000000000000000000000000000000000000000000000000000000000000ffff7f000001429c0000000000000000000000000000000000000000000000000000000000000000000000000000000000000000000000000000000000000000000000000000000000000000000000000000000000000000000000000000000000000000000000000000000000000000000000000000b93af9c58bde35b5c1eb7bb20b2da5600c59f52e07dcd6a84ed7d9096a5aef5b20c09445baa994c7ae1a9407667c2a5f8318de74d638c9767e36ec7a5a43035e36fa8e987db9596d99330fa966bfd7a9428472eb8088bcf31d93e3171698ec3e92e630ae2b14e758ab0960e372172203f4c9a41777dadd529971d7ab9d23ab29fe0e9c85ec450505dde7f5ac038274cf01dee6d555b82024f1ccf8a1e37e60fa60fd40b1958c4bb3006af78647950e1b919326edb21e5541717fde24ec085000b28709847b8aab1ac51f84e94b37ca1b662105650944fcd101621fd5bb3124c9fd191d114b7ad936c1d79d734f9f21392eff71c6c03ff88adb5ed52c9681de1629a54e702fc14729f6b50d2f0a76f185b30746846d17469fb2f95ef365efcab9f4e22fa1feb53111c995376be8019981cc0746846d17469fb2f95ef365efcab9f4e22fa1feb53111c995376be8019981cc151e5c8fe2b9d8a606966a79edd2f9e5db47e83947ce368ccba53bf6ba20a40b151e5c8fe2b9d8a606966a79edd2f9e5db47e83947ce368ccba53bf6ba20a40b2105650944fcd101621fd5bb3124c9fd191d114b7ad936c1d79d734f9f21392eff71c6c03ff88adb5ed52c9681de1629a54e702fc14729f6b50d2f0a76f185b3151e5c8fe2b9d8a606966a79edd2f9e5db47e83947ce368ccba53bf6ba20a40b2105650944fcd101621fd5bb3124c9fd191d114b7ad936c1d79d734f9f21392e00",