{
    "config": {
        "seed": "42",
        "max_steps": 4294967295,
        "safrole": false,
        "profile": {
            "full": null
        },
        "fuzzy_profile": {
            "full": null
        },
        "max_work_items": 3,
        "mutation_ratio": 0.0,
        "max_mutations": 0
    },
    "stats": {
        "steps": 6,
        "imported": 1,
        "import_max_step": 6,
        "import_min": 14.217194000000001,
        "import_max": 14.217194000000001,
        "import_mean": 14.217194000000001,
        "import_p50": 14.217194000000001,
        "import_p75": 0.0,
        "import_p90": 14.217194000000001,
        "import_p99": 0.0,
        "import_std_dev": 0.0
    },
    "target": {
        "info": {
            "fuzz_version": 1,
            "fuzz_features": 2,
            "jam_version": {
                "major": 0,
                "minor": 7,
                "patch": 2
            },
            "app_version": {
                "major": 0,
                "minor": 1,
                "patch": 0
            },
            "app_name": "jamzilla"
        },
        "stats": {
            "steps": 6,
            "imported": 1,
            "import_max_step": 6,
            "import_min": 2.7963810000000002,
            "import_max": 2.7963810000000002,
            "import_mean": 2.7963810000000002,
            "import_p50": 2.7963810000000002,
            "import_p75": 0.0,
            "import_p90": 2.7963810000000002,
            "import_p99": 0.0,
            "import_std_dev": 0.0
        }
    },
    "error": {
        "state_diff": {
            "roots": {
                "exp": "0x8aa02c564db1a3c9063374eca070acb6e0f36a7c31b695acf1e4170b629d10bd",
                "got": "0x247b559f5bea73965b8a4b29261ad5bf6dc354a20f8492c51d3b42393afa497f"
            },
            "keyvals": [
                {
                    "key": "0x0d000000000000000000000000000000000000000000000000000000000000",
                    "diff": {
                        "exp": "0x01000000000000000000000000000000060000000a00000000000000000000000000000000000000020000000800000001000000000000000000000000000000020000000900000000000000000000000000000000000000060000000a00000007000000000000000000000000000000060000000900000001000000000000000000000000000000020000000800000001000000000000000000000000000000070000000b00000002000000000000000000000000000000040000000b00000001000000000000000000000000000000030000000a00000000000000000000000000000000000000030000000b00000004000000000000000000000000000000070000000b00000004000000000000000000000000000000070000000b0000008d56050005816800839eaab7000000000000000003000000000000019f59000481220001b2507ed6751c000000000000000002b501bb09eb840000018b5e0001460002c03a48",
                        "got": "0x01000000000000000000000000000000060000000a00000000000000000000000000000000000000020000000800000001000000000000000000000000000000020000000900000000000000000000000000000000000000060000000a00000007000000000000000000000000000000060000000900000001000000000000000000000000000000020000000800000001000000000000000000000000000000070000000b00000002000000000000000000000000000000040000000b00000001000000000000000000000000000000030000000a00000000000000000000000000000000000000030000000b00000004000000000000000000000000000000070000000b00000004000000000000000000000000000000070000000b0000008d56050005816800839eaab7000000000000000003000000000000019f59000481220001b2507ed6751c000000000000000002b501bb09eb840000018b5e0001460002c00850"
                    }
                }
            ]
        }
    }
}