{
    "config": {
        "seed": "42",
        "max_steps": 4294967295,
        "safrole": false,
        "profile": {
            "full": null
        },
        "fuzzy_profile": {
            "full": null
        },
        "max_work_items": 3,
        "mutation_ratio": 0.0,
        "max_mutations": 0
    },
    "stats": {
        "steps": 3,
        "imported": 2,
        "import_max_step": 2,
        "import_min": 11.320586,
        "import_max": 18.524822999999998,
        "import_mean": 14.922704499999998,
        "import_p50": 18.524,
        "import_p75": 18.524,
        "import_p90": 18.524,
        "import_p99": 18.524,
        "import_std_dev": 5.094164835975027
    },
    "target": {
        "info": {
            "fuzz_version": 1,
            "fuzz_features": 2,
            "jam_version": {
                "major": 0,
                "minor": 7,
                "patch": 2
            },
            "app_version": {
                "major": 1,
                "minor": 0,
                "patch": 0
            },
            "app_name": "tessera-target"
        },
        "stats": {
            "steps": 3,
            "imported": 2,
            "import_max_step": 3,
            "import_min": 150.18681,
            "import_max": 316.86109600000003,
            "import_mean": 233.523953,
            "import_p50": 316.861,
            "import_p75": 316.861,
            "import_p90": 316.861,
            "import_p99": 316.861,
            "import_std_dev": 117.85651788002606
        }
    },
    "error": {
        "state_diff": {
            "roots": {
                "exp": "0x030c5d58e0e217e9a4c5c795a32e7bf202365d2a1de3b3b6a4878e1f49f32a75",
                "got": "0x1b637d8a567a1583c6583409d802de820c10be564ef74eb826714f9c7c7031fd"
            },
            "keyvals": [
                {
                    "key": "0xff000000000000000000000000000000000000000000000000000000000000",
                    "diff": {
                        "exp": "0x00d1b097b4410b3a63446d7c57d093972a9744fcd2d74f4a5e2ec163610e6d6327ffffffffffffffff0a000000000000000a00000000000000d819020000000000ffffffffffffffff07000000000000000200000000000000",
                        "got": "0x00d1b097b4410b3a63446d7c57d093972a9744fcd2d74f4a5e2ec163610e6d6327ffffffffffffffff0a000000000000000a000000000000005019020000000000ffffffffffffffff04000000000000000200000000000000"
                    }
                }
            ]
        }
    }
}