{
    "config": {
        "seed": "42",
        "max_steps": 4294967295,
        "safrole": false,
        "profile": {
            "full": null
        },
        "fuzzy_profile": {
            "full": null
        },
        "max_work_items": 3,
        "mutation_ratio": 0.0,
        "max_mutations": 0
    },
    "stats": {
        "steps": 2,
        "imported": 2,
        "import_max_step": 1,
        "import_min": 8.118863000000001,
        "import_max": 14.892401,
        "import_mean": 11.505632,
        "import_p50": 14.892,
        "import_p75": 14.892,
        "import_p90": 14.892,
        "import_p99": 14.892,
        "import_std_dev": 4.789614652424764
    },
    "target": {
        "info": {
            "fuzz_version": 1,
            "fuzz_features": 2,
            "jam_version": {
                "major": 0,
                "minor": 7,
                "patch": 2
            },
            "app_version": {
                "major": 1,
                "minor": 0,
                "patch": 0
            },
            "app_name": "tessera-target"
        },
        "stats": {
            "steps": 2,
            "imported": 2,
            "import_max_step": 2,
            "import_min": 249.371863,
            "import_max": 269.268617,
            "import_mean": 259.32024,
            "import_p50": 269.268,
            "import_p75": 269.268,
            "import_p90": 269.268,
            "import_p99": 269.268,
            "import_std_dev": 14.069129677000566
        }
    },
    "error": {
        "state_diff": {
            "roots": {
                "exp": "0x0083601ed21602e41b12726b63febac1e963ffb82c38951421fb04f8315e3adf",
                "got": "0x27d5f0bca05ddee7eec3389a10677a7f83071fe70f616f50b40b5b89c068ed19"
            },
            "keyvals": [
                {
                    "key": "0xcb2cfcff4c302e44aa84f31be60f9d7ed87eaef9dbb83ab9b4db18c1148396",
                    "diff": {
                        "exp": "0x",
                        "got": "0x"
                    }
                },
                {
                    "key": "0xf52cfcff4c302e44aa84f31be60f9d7ed87eaef9dbb83ab9b4db18c1148396",
                    "diff": {
                        "exp": "0x",
                        "got": "0x"
                    }
                },
                {
                    "key": "0xff000000000000000000000000000000000000000000000000000000000000",
                    "diff": {
                        "exp": "0x00d1b097b4410b3a63446d7c57d093972a9744fcd2d74f4a5e2ec163610e6d63273cf3ebffffffffff0a000000000000000a000000000000004f1e020000000000ffffffffffffffff0e000000000000000800000000000000",
                        "got": "0x00d1b097b4410b3a63446d7c57d093972a9744fcd2d74f4a5e2ec163610e6d63273cf3ebffffffffff0a000000000000000a00000000000000241e020000000000ffffffffffffffff0d000000000000000800000000000000"
                    }
                },
                {
                    "key": "0xffcb00fc004c002e0000000000000000000000000000000000000000000000",
                    "diff": {
                        "exp": "0x",
                        "got": "0x"
                    }
                },
                {
                    "key": "0xfff500fc004c002e0000000000000000000000000000000000000000000000",
                    "diff": {
                        "exp": "0x",
                        "got": "0x"
                    }
                }
            ]
        }
    }
}