{
    "config": {
        "seed": "42",
        "max_steps": 4294967295,
        "safrole": false,
        "profile": {
            "full": null
        },
        "fuzzy_profile": {
            "full": null
        },
        "max_work_items": 5,
        "mutation_ratio": 0.1,
        "max_mutations": 0
    },
    "stats": {
        "steps": 6,
        "imported": 1,
        "import_max_step": 6,
        "import_min": 14.680011,
        "import_max": 14.680011,
        "import_mean": 14.680011,
        "import_p50": 14.680011,
        "import_p75": 0.0,
        "import_p90": 14.680011,
        "import_p99": 0.0,
        "import_std_dev": 0.0
    },
    "target": {
        "info": {
            "fuzz_version": 1,
            "fuzz_features": 2,
            "jam_version": {
                "major": 0,
                "minor": 7,
                "patch": 2
            },
            "app_version": {
                "major": 0,
                "minor": 7,
                "patch": 2
            },
            "app_name": "pbnj-fuzzer-target"
        },
        "stats": {
            "steps": 6,
            "imported": 1,
            "import_max_step": 6,
            "import_min": 6720.8678070000005,
            "import_max": 6720.8678070000005,
            "import_mean": 6720.8678070000005,
            "import_p50": 6720.8678070000005,
            "import_p75": 0.0,
            "import_p90": 6720.8678070000005,
            "import_p99": 0.0,
            "import_std_dev": 0.0
        }
    },
    "error": {
        "state_diff": {
            "roots": {
                "exp": "0x7f6157c17e8487f89c4a5f1cebe8b4bf120b16c2c7b780c40bcf32813cd4ef01",
                "got": "0xfc0812ba3c1917a20297e774417e49f807096b24a773f6c8c8c940a4e6c3c101"
            },
            "keyvals": [
                {
                    "key": "0x0e000000000000000000000000000000000000000000000000000000000000",
                    "diff": {
                        "exp": "0x0000000144eeff66c073d6c1a737fe3a2844724291154e272216c0971ff10954b4591577ec0b0000fd00ec34614412891146c84f0d27383d7d454f584e4168e9dbfda28e2fc6ca3f000000000000000000000000000000000000000000000000000000000000000000000179b740e9aac8844d008c3e5d55cb3b9dd1388789d1fe8a512dbbbc4a5cf5cfa981bab3ab1998dca06003708f43f10ec8e140c5be0a1d1f11525c47a33d2b90ca07d92bd0c7961e943bef3ecc61e60f8eda4d5a87f01aed95f5480e9298e9850179b740e9aac8844d008c3e5d55cb3b9dd1388789d1fe8a512dbbbc4a5cf5cf4400000001a349e9cdfb5d2b948758fe453d678015cfa45935c1e28eaad3c5e710fe929503002357426f2313559a271d6782dc00197b379f79cbe3c6a1e72f61f7b592c509f803000003e0d4ac0cbb8648e2eb5cab1ebb8129eca29c8af2e5155fe1ac9400ab01852a1e0cc82b1e81e1ec28f88e1b8ad88a4e842239d0d213740dd49e66dbffe5218dafa95f8a31d5dc320000000000001b01010600000000248c7207e0d4ac0cdba5997205a69972915814338b790008829800e0d4ac0cbb8648e2eb5cab1ebb8129eca29c8af2e5155fe1ac9400ab01852a1e0cc82b1e50a3f46ce1fbd6ae2552a46d21618a77ec1da9b1a11511edee0e2f25584626f1d5dc320000000000001b01010600000000248c7207e0d4ac0cdba5997205a69972b1f2dd148ba5000680e80000000000d1b097b4410b3a63446d7c57d093972a9744fcd2d74f4a5e2ec163610e6d63273d71295ebcefbc033087a32f197135794ad72b0c660fc4d48ab441a1cd98c853d5dc3200000000000002010f90b1000b833a0001a349e9cdfb5d2b948758fe453d678015cfa45935c1e28eaad3c5e710fe92950300000000000187bc8fff55dc7472fc25b080b8c0519f93cea527cb449cb1e47fce0e7b3ff5480d1600001f8675ed6aa677967ebdc0f7cc18c948f33d98f38611887dd48cc1d74115afa900000000000000000000000000000000000000000000000000000000000000000000d577941e25379632d8d017acbc2ecd2a35110a21b397789e7bcb9b9ed0922f27ce9b26af1773d361dbd538458f1483a51742180a5b2d84e436d7d2e8fcd92e803555fdcea9c06c485d030e11ff680a9ec38bfc302dac770bb8265e10f216df61d577941e25379632d8d017acbc2ecd2a35110a21b397789e7bcb9b9ed0922f274e000000032aaff621750eb1bd7b643e25dd66139ed5d901f0b96849744f1d0ceddd0fc6b973a6d106e4fbc7627b3a37758402dcf51d5248949d479b89309cb4ab22c3e33fbc18037301be4cfc863143dd2d7d46c0d317a866cf6f0fc7b0f3ee12e85aad70012357426f2313559a271d6782dc00197b379f79cbe3c6a1e72f61f7b592c509f803000004e0d4ac0cbb8648e2eb5cab1ebb8129eca29c8af2e5155fe1ac9400ab01852a1e0cc82b1e2c4dc88855424cb8fa547abb86b3c2b195423cbdea5050797634a793c57c4712a025260000000000001b01010600000000248c7207e0d4ac0cdba5997205a69972741948678ba5000580b50000000000d1b097b4410b3a63446d7c57d093972a9744fcd2d74f4a5e2ec163610e6d632746177a1699a4a5480b842b8d4be15c9a4778c8067c6341c2f5a44f2ea171357da0252600000000000080c30100bb8648e2eb5cab1ebb8129eca29c8af2e5155fe1ac9400ab01852a1e0cc82b1e3d3902000000000010270000000000001027000000000000c023030000000000676966740000000000000000000000000000000000000000000000000000000000000000000000000000000000000000000000000000000000000000000000000000000000000000000000000000000000000000000000000000000000000000000000000000000000000000000000000000000000000000000000000000000000b2d6000a82110000000000d1b097b4410b3a63446d7c57d093972a9744fcd2d74f4a5e2ec163610e6d63279e9235f382df3ef3493d4e04a1f2848492dc4254959accf20e01bcada8444b8aa0252600000000000087e2010d151e5c8fe2b9d8a606966a79edd2f9e5db47e83947ce368ccba53bf6ba20a40b8b8c5d436f92ecf605421e873a99ec528761eb52a88a2f9a057b3b3003e6f32a00000000000000000000000000000000000000000000000000000000000000000000000000000000000000000000000000000000000000000000000000000000000000000000000000000000000000000000000000000000000000000000000000000000000000000000000000000000000000000000000000000000000000000000000000000000000000000000000000000000000000000000ffff7f000001449c00000000000000000000000000000000000000000000000000000000000000000000000000000000000000000000000000000000000000000000000000000000000000000000000000000000000000000000000000000000000000000000000000000000000000000000000000002f03cec32c4f6170499dd0fa15187c69f16b9e483cd9c2dc2aa2e74ff0e1955ecab2b9ff25c2410fbe9b8a717abb298c716a03983c98ceb4def2087500b8e34100000000000000000000000000000000000000000000000000000000000000000000000000000000000000000000000000000000000000000000000000000000000000000000000000000000000000000000000000000000000000000000000000000000000000000000000000000000000000000000000000000000000000000000000000000000000000000000000000000000000000000000ffff7f000001429c00000000000000000000000000000000000000000000000000000000000000000000000000000000000000000000000000000000000000000000000000000000000000000000000000000000000000000000000000000000000000000000000000000000000000000000000000002105650944fcd101621fd5bb3124c9fd191d114b7ad936c1d79d734f9f21392eab0084d01534b31c1dd87c81645fd762482a90027754041ca1b56133d0466c0600000000000000000000000000000000000000000000000000000000000000000000000000000000000000000000000000000000000000000000000000000000000000000000000000000000000000000000000000000000000000000000000000000000000000000000000000000000000000000000000000000000000000000000000000000000000000000000000000000000000000000000ffff7f000001459c0000000000000000000000000000000000000000000000000000000000000000000000000000000000000000000000000000000000000000000000000000000000000000000000000000000000000000000000000000000000000000000000000000000000000000000000000000dee6d555b82024f1ccf8a1e37e60fa60fd40b1958c4bb3006af78647950e1b91ad93247bd01307550ec7acd757ce6fb805fcf73db364063265b30a949e90d93300000000000000000000000000000000000000000000000000000000000000000000000000000000000000000000000000000000000000000000000000000000000000000000000000000000000000000000000000000000000000000000000000000000000000000000000000000000000000000000000000000000000000000000000000000000000000000000000000000000000000000000ffff7f000001419c0000000000000000000000000000000000000000000000000000000000000000000000000000000000000000000000000000000000000000000000000000000000000000000000000000000000000000000000000000000000000000000000000000000000000000000000000000ff71c6c03ff88adb5ed52c9681de1629a54e702fc14729f6b50d2f0a76f185b34418fb8c85bb3985394a8c2756d3643457ce614546202a2f50b093d762499ace000000000000000000000000000000000000000000000000000000000000000000000000000000000000000000000000000000000000000000000000000000000000000000000000000000000000000000000000000000000000000000000000000000000000000