{
    "config": {
        "seed": "42",
        "max_steps": 4294967295,
        "safrole": false,
        "profile": {
            "full": null
        },
        "fuzzy_profile": {
            "full": null
        },
        "max_work_items": 3,
        "mutation_ratio": 0.0,
        "max_mutations": 0
    },
    "stats": {
        "steps": 5,
        "imported": 1,
        "import_max_step": 5,
        "import_min": 21.452835999999998,
        "import_max": 21.452835999999998,
        "import_mean": 21.452835999999998,
        "import_p50": 21.452835999999998,
        "import_p75": 0.0,
        "import_p90": 21.452835999999998,
        "import_p99": 0.0,
        "import_std_dev": 0.0
    },
    "target": {
        "info": {
            "fuzz_version": 1,
            "fuzz_features": 0,
            "jam_version": {
                "major": 0,
                "minor": 7,
                "patch": 2
            },
            "app_version": {
                "major": 0,
                "minor": 7,
                "patch": 2
            },
            "app_name": "pbnj-fuzzer-target"
        },
        "stats": {
            "steps": 5,
            "imported": 1,
            "import_max_step": 5,
            "import_min": 2255.025368,
            "import_max": 2255.025368,
            "import_mean": 2255.025368,
            "import_p50": 2255.025368,
            "import_p75": 0.0,
            "import_p90": 2255.025368,
            "import_p99": 0.0,
            "import_std_dev": 0.0
        }
    },
    "error": {
        "state_diff": {
            "roots": {
                "exp": "0x632cfe277a2ff9e7f2ca0873a4e3a65e7b4dd23f8238c6513e7d055f0a002bc8",
                "got": "0x02fa78cdbdb6e2c30610c56e8c83f716947135595bd33706dff76d455081239b"
            },
            "keyvals": [
                {
                    "key": "0x04000000000000000000000000000000000000000000000000000000000000",
                    "diff": {
                        "exp": "0xff71c6c03ff88adb5ed52c9681de1629a54e702fc14729f6b50d2f0a76f185b34418fb8c85bb3985394a8c2756d3643457ce614546202a2f50b093d762499ace00000000000000000000000000000000000000000000000000000000000000000000000000000000000000000000000000000000000000000000000000000000000000000000000000000000000000000000000000000000000000000000000000000000000000000000000000000000000000000000000000000000000000000000000000000000000000000000000000000000000000000000ffff7f000001409c0000000000000000000000000000000000000000000000000000000000000000000000000000000000000000000000000000000000000000000000000000000000000000000000000000000000000000000000000000000000000000000000000000000000000000000000000000dee6d555b82024f1ccf8a1e37e60fa60fd40b1958c4bb3006af78647950e1b91ad93247bd01307550ec7acd757ce6fb805fcf73db364063265b30a949e90d93300000000000000000000000000000000000000000000000000000000000000000000000000000000000000000000000000000000000000000000000000000000000000000000000000000000000000000000000000000000000000000000000000000000000000000000000000000000000000000000000000000000000000000000000000000000000000000000000000000000000000000000ffff7f000001419c00000000000000000000000000000000000000000000000000000000000000000000000000000000000000000000000000000000000000000000000000000000000000000000000000000000000000000000000000000000000000000000000000000000000000000000000000009326edb21e5541717fde24ec085000b28709847b8aab1ac51f84e94b37ca1b66cab2b9ff25c2410fbe9b8a717abb298c716a03983c98ceb4def2087500b8e34100000000000000000000000000000000000000000000000000000000000000000000000000000000000000000000000000000000000000000000000000000000000000000000000000000000000000000000000000000000000000000000000000000000000000000000000000000000000000000000000000000000000000000000000000000000000000000000000000000000000000000000ffff7f000001429c00000000000000000000000000000000000000000000000000000000000000000000000000000000000000000000000000000000000000000000000000000000000000000000000000000000000000000000000000000000000000000000000000000000000000000000000000000746846d17469fb2f95ef365efcab9f4e22fa1feb53111c995376be8019981ccf30aa5444688b3cab47697b37d5cac5707bb3289e986b19b17db437206931a8d00000000000000000000000000000000000000000000000000000000000000000000000000000000000000000000000000000000000000000000000000000000000000000000000000000000000000000000000000000000000000000000000000000000000000000000000000000000000000000000000000000000000000000000000000000000000000000000000000000000000000000000ffff7f000001439c0000000000000000000000000000000000000000000000000000000000000000000000000000000000000000000000000000000000000000000000000000000000000000000000000000000000000000000000000000000000000000000000000000000000000000000000000000151e5c8fe2b9d8a606966a79edd2f9e5db47e83947ce368ccba53bf6ba20a40b8b8c5d436f92ecf605421e873a99ec528761eb52a88a2f9a057b3b3003e6f32a00000000000000000000000000000000000000000000000000000000000000000000000000000000000000000000000000000000000000000000000000000000000000000000000000000000000000000000000000000000000000000000000000000000000000000000000000000000000000000000000000000000000000000000000000000000000000000000000000000000000000000000ffff7f000001449c00000000000000000000000000000000000000000000000000000000000000000000000000000000000000000000000000000000000000000000000000000000000000000000000000000000000000000000000000000000000000000000000000000000000000000000000000002105650944fcd101621fd5bb3124c9fd191d114b7ad936c1d79d734f9f21392eab0084d01534b31c1dd87c81645fd762482a90027754041ca1b56133d0466c0600000000000000000000000000000000000000000000000000000000000000000000000000000000000000000000000000000000000000000000000000000000000000000000000000000000000000000000000000000000000000000000000000000000000000000000000000000000000000000000000000000000000000000000000000000000000000000000000000000000000000000000ffff7f000001459c0000000000000000000000000000000000000000000000000000000000000000000000000000000000000000000000000000000000000000000000000000000000000000000000000000000000000000000000000000000000000000000000000000000000000000000000000000af39b7de5fcfb9fb8a46b1645310529ce7d08af7301d9758249da4724ec698eb127f489b58e49ae9ab85027509116962a135fc4d97b66fbbed1d3df88cd7bf5cc6e5d7391d261a4b552246648defcb64ad440d61d69ec61b5473506a48d58e1992e630ae2b14e758ab0960e372172203f4c9a41777dadd529971d7ab9d23ab29fe0e9c85ec450505dde7f5ac038274cf001f631694dc7d31c68a540770889335bc8cdbc2e1ab5e49928b3f421ea12f6f4200f6ed107f6ec1534292d15c6dcd9dde28e2667fa254b468a3638d6174313500dc0036e30f79a7f4feba573ceda38dca76137ee857658bf3adab1412a34b5ff3b9e602e13e6f32a245077bbf0f7fbabb0288f056e6f4e9865a9616819f37e770baf1060237ecd26f6fa8068710fbc34133599b35026df7eff3c7b6534de1bc1350df10b301ccda7646876d3425f6c2527a9c1330ab28ad61b1e59b80c10f76039b5f6b2c1d02448abbc770ccea1766986f22a963f031e090aad51bdf1f82709b7082245e365401b89b5fa4773c697d46471b681c1ba6624f45c559106449faa1f20aaab538914102482fb2a6fb7c30b6042f1b8dfa9101c472a80475b23ff5e6da35cea4fad4c57c01a62e19e57bf1157d4f032c90144e7eeb59c0aa23c95dbae4de447f12942a28700259c57e914da08b9ddf4345a808c5727425dab1a8093c39f88d1caa9fd12b53640072736de1715bffdd844e302a24c5d5a717aacc82aef1ca409a497253cfb98135020364e7dbc904d00c7f3ab0e7631645f88502dbc859f199aa51ea8447bca89fd54f00c04548d8a6469f665cbdb05f0caade89c9f6589a8350fabde209bcd2795c842600dbe2b52bb895356f47644f58a39931eef1bd0867cf7a42fa0d65206a7645559901",