{
    "config": {
        "seed": "42",
        "max_steps": 4294967295,
        "safrole": false,
        "profile": {
            "full": null
        },
        "fuzzy_profile": {
            "full": null
        },
        "max_work_items": 3,
        "mutation_ratio": 0.0,
        "max_mutations": 0
    },
    "stats": {
        "steps": 1,
        "imported": 1,
        "import_max_step": 1,
        "import_min": 108.311122,
        "import_max": 108.311122,
        "import_mean": 108.311122,
        "import_p50": 108.311122,
        "import_p75": 0.0,
        "import_p90": 108.311122,
        "import_p99": 0.0,
        "import_std_dev": 0.0
    },
    "target": {
        "info": {
            "fuzz_version": 1,
            "fuzz_features": 0,
            "jam_version": {
                "major": 0,
                "minor": 7,
                "patch": 2
            },
            "app_version": {
                "major": 0,
                "minor": 7,
                "patch": 2
            },
            "app_name": "pbnj-fuzzer-target"
        },
        "stats": {
            "steps": 1,
            "imported": 1,
            "import_max_step": 1,
            "import_min": 138.044579,
            "import_max": 138.044579,
            "import_mean": 138.044579,
            "import_p50": 138.044579,
            "import_p75": 0.0,
            "import_p90": 138.044579,
            "import_p99": 0.0,
            "import_std_dev": 0.0
        }
    },
    "error": {
        "state_diff": {
            "roots": {
                "exp": "0x7975f57b27286c0966696e498866d709ca652ac397eebe32e1e6818a0f0e62fc",
                "got": "0x14a4fb95ce6fa0d8f2d4217192b55ffdba7a904197e5309adc33d345a23276ab"
            },
            "keyvals": [
                {
                    "key": "0x04000000000000000000000000000000000000000000000000000000000000",
                    "diff": {
                        "exp": "0x2105650944fcd101621fd5bb3124c9fd191d114b7ad936c1d79d734f9f21392eab0084d01534b31c1dd87c81645fd762482a90027754041ca1b56133d0466c0600000000000000000000000000000000000000000000000000000000000000000000000000000000000000000000000000000000000000000000000000000000000000000000000000000000000000000000000000000000000000000000000000000000000000000000000000000000000000000000000000000000000000000000000000000000000000000000000000000000000000000000ffff7f000001459c00000000000000000000000000000000000000000000000000000000000000000000000000000000000000000000000000000000000000000000000000000000000000000000000000000000000000000000000000000000000000000000000000000000000000000000000000009326edb21e5541717fde24ec085000b28709847b8aab1ac51f84e94b37ca1b66cab2b9ff25c2410fbe9b8a717abb298c716a03983c98ceb4def2087500b8e34100000000000000000000000000000000000000000000000000000000000000000000000000000000000000000000000000000000000000000000000000000000000000000000000000000000000000000000000000000000000000000000000000000000000000000000000000000000000000000000000000000000000000000000000000000000000000000000000000000000000000000000ffff7f000001429c0000000000000000000000000000000000000000000000000000000000000000000000000000000000000000000000000000000000000000000000000000000000000000000000000000000000000000000000000000000000000000000000000000000000000000000000000000ff71c6c03ff88adb5ed52c9681de1629a54e702fc14729f6b50d2f0a76f185b34418fb8c85bb3985394a8c2756d3643457ce614546202a2f50b093d762499ace00000000000000000000000000000000000000000000000000000000000000000000000000000000000000000000000000000000000000000000000000000000000000000000000000000000000000000000000000000000000000000000000000000000000000000000000000000000000000000000000000000000000000000000000000000000000000000000000000000000000000000000ffff7f000001409c00000000000000000000000000000000000000000000000000000000000000000000000000000000000000000000000000000000000000000000000000000000000000000000000000000000000000000000000000000000000000000000000000000000000000000000000000000746846d17469fb2f95ef365efcab9f4e22fa1feb53111c995376be8019981ccf30aa5444688b3cab47697b37d5cac5707bb3289e986b19b17db437206931a8d00000000000000000000000000000000000000000000000000000000000000000000000000000000000000000000000000000000000000000000000000000000000000000000000000000000000000000000000000000000000000000000000000000000000000000000000000000000000000000000000000000000000000000000000000000000000000000000000000000000000000000000ffff7f000001439c00000000000000000000000000000000000000000000000000000000000000000000000000000000000000000000000000000000000000000000000000000000000000000000000000000000000000000000000000000000000000000000000000000000000000000000000000003928f90b875636cd818f4c70c5139c9f520bd675605b25bc66e1add1c796a8c98b8c5d436f92ecf605421e873a99ec528761eb52a88a2f9a057b3b3003e6f32a00000000000000000000000000000000000000000000000000000000000000000000000000000000000000000000000000000000000000000000000000000000000000000000000000000000000000000000000000000000000000000000000000000000000000000000000000000000000000000000000000000000000000000000000000000000000000000000000000000000000000000000ffff7f000001449c0000000000000000000000000000000000000000000000000000000000000000000000000000000000000000000000000000000000000000000000000000000000000000000000000000000000000000000000000000000000000000000000000000000000000000000000000000dee6d555b82024f1ccf8a1e37e60fa60fd40b1958c4bb3006af78647950e1b91ad93247bd01307550ec7acd757ce6fb805fcf73db364063265b30a949e90d93300000000000000000000000000000000000000000000000000000000000000000000000000000000000000000000000000000000000000000000000000000000000000000000000000000000000000000000000000000000000000000000000000000000000000000000000000000000000000000000000000000000000000000000000000000000000000000000000000000000000000000000ffff7f000001419c0000000000000000000000000000000000000000000000000000000000000000000000000000000000000000000000000000000000000000000000000000000000000000000000000000000000000000000000000000000000000000000000000000000000000000000000000000901cc3c5085a24bc2604bd8faa4c02e27c3e5659d946ad6ddce8a5e3cf6bfeb2865b8bfc1519dd993ec065af7ca7a6ceae06b73fc06730b90a1207cf744199412f3c0adf8a89cb1d45cd3ef9dd8c373f5b1c5e72542e12ed58f32f7879e2006992e630ae2b14e758ab0960e372172203f4c9a41777dadd529971d7ab9d23ab29fe0e9c85ec450505dde7f5ac038274cf010746846d17469fb2f95ef365efcab9f4e22fa1feb53111c995376be8019981cc151e5c8fe2b9d8a606966a79edd2f9e5db47e83947ce368ccba53bf6ba20a40bf2045943f0410e398a50ba84f10a84074fc66abd1cc428ea9fcc27f35d4728acf2045943f0410e398a50ba84f10a84074fc66abd1cc428ea9fcc27f35d4728ac0746846d17469fb2f95ef365efcab9f4e22fa1feb53111c995376be8019981cc2105650944fcd101621fd5bb3124c9fd191d114b7ad936c1d79d734f9f21392e151e5c8fe2b9d8a606966a79edd2f9e5db47e83947ce368ccba53bf6ba20a40b151e5c8fe2b9d8a606966a79edd2f9e5db47e83947ce368ccba53bf6ba20a40bdee6d555b82024f1ccf8a1e37e60fa60fd40b1958c4bb3006af78647950e1b912105650944fcd101621fd5bb3124c9fd191d114b7ad936c1d79d734f9f21392e151e5c8fe2b9d8a606966a79edd2f9e5db47e83947ce368ccba53bf6ba20a40b151e5c8fe2b9d8a606966a79edd2f9e5db47e83947ce368ccba53bf6ba20a40b00",