{
    "config": {
        "seed": "42",
        "max_steps": 4294967295,
        "safrole": false,
        "profile": {
            "full": null
        },
        "fuzzy_profile": {
            "full": null
        },
        "max_work_items": 5,
        "mutation_ratio": 0.1,
        "max_mutations": 0
    },
    "stats": {
        "steps": 6,
        "imported": 2,
        "import_max_step": 6,
        "import_min": 19.330063000000003,
        "import_max": 171.861696,
        "import_mean": 95.5958795,
        "import_p50": 171.861,
        "import_p75": 171.861,
        "import_p90": 171.861,
        "import_p99": 171.861,
        "import_std_dev": 107.85615203975777
    },
    "target": {
        "info": {
            "fuzz_version": 1,
            "fuzz_features": 2,
            "jam_version": {
                "major": 0,
                "minor": 7,
                "patch": 2
            },
            "app_version": {
                "major": 1,
                "minor": 0,
                "patch": 0
            },
            "app_name": "tessera-target"
        },
        "stats": {
            "steps": 6,
            "imported": 2,
            "import_max_step": 6,
            "import_min": 355.193423,
            "import_max": 523.171087,
            "import_mean": 439.18225500000005,
            "import_p50": 523.171,
            "import_p75": 523.171,
            "import_p90": 523.171,
            "import_p99": 523.171,
            "import_std_dev": 118.77814530227542
        }
    },
    "error": {
        "state_diff": {
            "roots": {
                "exp": "0x6ae4ca0e149beb695e1af6146cf07d9fb3723ae7eb00ecad293edfccd9f2ad16",
                "got": "0x97fec184848813740ded63cb2b5aecd00d4aaca74f35d577e0d61c16a95de945"
            },
            "keyvals": [
                {
                    "key": "0x0001007100a000ab5cbd7e82c9744baf137918fe8d08741476a397e9dc2884",
                    "diff": {
                        "exp": "0xd9b044be072e404433505dd3acedeb758c3124a84f097b870fb725ae16a6100e",
                        "got": "0x4dd67ed1edd4667e1553d626dfc266c85ebe57e504afe52ac4fe233fecec8a88"
                    }
                },
                {
                    "key": "0x002100530020005f30e50cd009085620fda9324c609079b8464cbf4f3829a0",
                    "diff": {
                        "exp": "0x",
                        "got": "0x"
                    }
                },
                {
                    "key": "0x004400b500a400aaa0d7f8eab5ca1cca4a0472988422febc68a6b6a944cabf",
                    "diff": {
                        "exp": "0x82153d60",
                        "got": "0xc3c6333e"
                    }
                },
                {
                    "key": "0x00450019006a0051135ef0225518c5ddc999419ffbf52cf2d4213d55af782e",
                    "diff": {
                        "exp": "0x03000000",
                        "got": "0x02000000"
                    }
                },
                {
                    "key": "0x00560067002200834b74a3e43c8340b83945bd96ecd43a740afa97ad66d19d",
                    "diff": {
                        "exp": "0x",
                        "got": "0x2f3e6fa9beade7b65e9ac413b96d8b720493c35ca984cf7b6e2151d16213ff1e"
                    }
                },
                {
                    "key": "0x005e00ec001400cc4efb2b66558ec2cdfbc435247929d71ff139cc9cbc2e56",
                    "diff": {
                        "exp": "0x000000008261000000000000726566696c6c0000000000000000000000000000000000000000000000000000000000000000000000000000000000000000000000000000000000000000000000000000000000000000000000000000000000000000000000000000000000000000000000000000000000000000000000000000000000000000000000000000",
                        "got": "0x"
                    }
                },
                {
                    "key": "0x00670042003d00acefed357efdbc102a458883131bf5a212589c42fc56cbe5",
                    "diff": {
                        "exp": "0x",
                        "got": "0x"
                    }
                },
                {
                    "key": "0x007200ca00f5008679cf7a348de4e22d0831c48888bf9ee7cb06505c538ad8",
                    "diff": {
                        "exp": "0x",
                        "got": "0x64ffa7d0b1560bf0ed4b6227191e6e478e82bb23c87c8a568c4177c244e232c8"
                    }
                },
                {
                    "key": "0x0097003800c5000c807db117853370c2fbe58f9576b720c0bd872914f1879a",
                    "diff": {
                        "exp": "0x",
                        "got": "0x"
                    }
                },
                {
                    "key": "0x00a1000800aa0023c9aebb7745c32f9f92a562e2e6a50337aacaaf34c3b04a",
                    "diff": {
                        "exp": "0x00",
                        "got": "0x"
                    }
                },
                {
                    "key": "0x00b70012007c0031b8bdb286c2082b4d3adab0a27defa04f1550c3b9487565",
                    "diff": {
                        "exp": "0x",
                        "got": "0x4c623bfd73d70750eb6e35b061f645e67a9ab81bfb04023c7209ae8d286f9398"
                    }
                },
                {
                    "key": "0x00be00c7002d00bd4ae3e4eb640f9a0862de5599c6f5ae7f421ccb03e83ca7",
                    "diff": {
                        "exp": "0x",
                        "got": "0x"
                    }
                },
                {
                    "key": "0x00c0001d0056003b9dfa998fdc18531738e679fe8cf0cb42c3f5f40de9fe04",
                    "diff": {
                        "exp": "0x000000008261000000000000726566696c6c0000000000000000000000000000000000000000000000000000000000000000000000000000000000000000000000000000000000000000000000000000000000000000000000000000000000000000000000000000000000000000000000000000000000000000000000000000000000000000000000000000",
                        "got": "0x00000000df46000000000000726566696c6c0000000000000000000000000000000000000000000000000000000000000000000000000000000000000000000000000000000000000000000000000000000000000000000000000000000000000000000000000000000000000000000000000000000000000000000000000000000000000000000000000000"
                    }
                },
                {
                    "key": "0x00d8007b00aa0019278b07889b912a721d65cbccd7aee81686e53b66c83b5c",
                    "diff": {
                        "exp": "0x",
                        "got": "0x"
                    }
                },
                {
                    "key": "0x00df00af002d002ac13ec5f74ffccdffd621c0d95b0230c47f638dfa1f63f8",
                    "diff": {
                        "exp": "0x",
                        "got": "0x"
                    }
                },
                {
                    "key": "0x00f400b3000200b79ef0d6ce038906c84a20de59a593d7080f64c333643414",
                    "diff": {
                        "exp": "0x",
                        "got": "0x"
                    }
                },
                {
                    "key": "0x0d000000000000000000000000000000000000000000000000000000000000",
                    "diff": {
                        "exp": "0x020000000000000000000000000000000400000007000000000000000000000000000000000000000400000008000000010000000000000000000000000000000400000008000000030000000000000000000000000000000700000007000000020000000000000000000000000000000700000008000000020000000000000000000000000000000700000007000000000000000000000000000000000000000000000000000000000000000000000000000000000000000000000000000000000000000000000000000000000000000000000000000000000000000000000000000000000000000000000000000000000000000000000000000000000000000000000000000000000000000000000000000000000000000000000000000000895c06001986e2009602c258e487a806001a865b008c92c0149e010000000000000ac36c8200338d3d0005c5eab4",