{
    "config": {
        "seed": "42",
        "max_steps": 4294967295,
        "safrole": false,
        "profile": {
            "full": null
        },
        "fuzzy_profile": {
            "full": null
        },
        "max_work_items": 5,
        "mutation_ratio": 0.1,
        "max_mutations": 0
    },
    "stats": {
        "steps": 4,
        "imported": 2,
        "import_max_step": 1,
        "import_min": 5.728843,
        "import_max": 13.543225000000001,
        "import_mean": 9.636034,
        "import_p50": 13.543,
        "import_p75": 13.543,
        "import_p90": 13.543,
        "import_p99": 13.543,
        "import_std_dev": 5.525602502982096
    },
    "target": {
        "info": {
            "fuzz_version": 1,
            "fuzz_features": 2,
            "jam_version": {
                "major": 0,
                "minor": 7,
                "patch": 2
            },
            "app_version": {
                "major": 1,
                "minor": 0,
                "patch": 0
            },
            "app_name": "tessera-target"
        },
        "stats": {
            "steps": 4,
            "imported": 2,
            "import_max_step": 4,
            "import_min": 249.06137999999999,
            "import_max": 373.584912,
            "import_mean": 311.32314599999995,
            "import_p50": 373.584,
            "import_p75": 373.584,
            "import_p90": 373.584,
            "import_p99": 373.584,
            "import_std_dev": 88.05143389450006
        }
    },
    "error": {
        "state_diff": {
            "roots": {
                "exp": "0x469d6a2d48c68752409932fd319ebda461c91d9d05c76bb672d90a2445403d87",
                "got": "0xc65225314d4c3e31175eab9a5a7d01e9df0d824a489d91116e11eb4b033afed2"
            },
            "keyvals": [
                {
                    "key": "0x004400b500a400aaa0d7f8eab5ca1cca4a0472988422febc68a6b6a944cabf",
                    "diff": {
                        "exp": "0x470e759d",
                        "got": "0x480e759d"
                    }
                },
                {
                    "key": "0x0d000000000000000000000000000000000000000000000000000000000000",
                    "diff": {
                        "exp": "0x01000000000000000000000000000000040000000900000002000000000000000000000000000000040000000a0000000000000000000000000000000000000003000000090000000100000000000000000000000000000004000000080000000300000000000000000000000000000003000000090000000300000000000000000000000000000003000000080000000200000000000000020000007a72040005000000090000000000000000000000000000000000000005000000090000000100000000000000000000000000000003000000090000000400000000000000000000000000000003000000090000000200000000000000000000000000000003000000080000000200000000000000010000003d39020005000000090000008a1006002d8b130093b0c09b5d00040000000000000400000000000002bac0000f834e0002c0318c2a473909000003a2db001e87c500000054473909000000000000000001c0fe5ccea591f0000000000000000001adbb",
                        "got": "0x01000000000000000000000000000000040000000900000002000000000000000000000000000000040000000a0000000000000000000000000000000000000003000000090000000100000000000000000000000000000004000000080000000300000000000000000000000000000003000000090000000300000000000000000000000000000003000000080000000200000000000000020000007a72040005000000090000000000000000000000000000000000000005000000090000000100000000000000000000000000000003000000090000000400000000000000000000000000000003000000090000000200000000000000000000000000000003000000080000000200000000000000010000003d39020005000000090000008a1006002d8b130093b0c09b5d00040000000000000400000000000002bac0000f834e0002c0318c2a473909000003a2db001e87c500000054473909000000000000000001c0fe5ccea591f0000000000000000001b245"
                    }
                },
                {
                    "key": "0x472c0eff75309d44aa84f31be60f9d7ed87eaef9dbb83ab9b4db18c1148396",
                    "diff": {
                        "exp": "0x00",
                        "got": "0x"
                    }
                },
                {
                    "key": "0x482c0eff75309d44aa84f31be60f9d7ed87eaef9dbb83ab9b4db18c1148396",
                    "diff": {
                        "exp": "0x",
                        "got": "0x00"
                    }
                },
                {
                    "key": "0xced7a54591b7f0fec13e507a95e86ec03add50794acc76edd9370aca5ecbf2",
                    "diff": {
                        "exp": "0x8804a5ffb579835e",
                        "got": "0x"
                    }
                },
                {
                    "key": "0xff47000e0075009d0000000000000000000000000000000000000000000000",
                    "diff": {
                        "exp": "0x00bb8648e2eb5cab1ebb8129eca29c8af2e5155fe1ac9400ab01852a1e0cc82b1eaeb6040000000000102700000000000010270000000000008e39020000000000000000000000000002000000150000000000000000000000",
                        "got": "0x"
                    }
                },
                {
                    "key": "0xff48000e0075009d0000000000000000000000000000000000000000000000",
                    "diff": {
                        "exp": "0x",
                        "got": "0x00bb8648e2eb5cab1ebb8129eca29c8af2e5155fe1ac9400ab01852a1e0cc82b1eaeb6040000000000102700000000000010270000000000008e39020000000000000000000000000002000000150000000000000000000000"
                    }
                },
                {
                    "key": "0xffce00a5009100f00000000000000000000000000000000000000000000000",
                    "diff": {
                        "exp": "0x00bb8648e2eb5cab1ebb8129eca29c8af2e5155fe1ac9400ab01852a1e0cc82b1e3e14060000000000102700000000000010270000000000004a6702000000000000000000000000000a000000030000001500000000000000",
                        "got": "0x00bb8648e2eb5cab1ebb8129eca29c8af2e5155fe1ac9400ab01852a1e0cc82b1e3e14060000000000102700000000000010270000000000001f67020000000000000000000000000009000000030000001500000000000000"
                    }
                }
            ]
        }
    }
}