{
    "config": {
        "seed": "42",
        "max_steps": 4294967295,
        "safrole": false,
        "profile": {
            "full": null
        },
        "fuzzy_profile": {
            "full": null
        },
        "max_work_items": 5,
        "mutation_ratio": 0.1,
        "max_mutations": 5
    },
    "stats": {
        "steps": 1,
        "imported": 1,
        "import_max_step": 1,
        "import_min": 1.671781,
        "import_max": 1.671781,
        "import_mean": 1.671781,
        "import_p50": 1.671781,
        "import_p75": 0.0,
        "import_p90": 1.671781,
        "import_p99": 0.0,
        "import_std_dev": 0.0
    },
    "target": {
        "info": {
            "fuzz_version": 1,
            "fuzz_features": 2,
            "jam_version": {
                "major": 0,
                "minor": 7,
                "patch": 2
            },
            "app_version": {
                "major": 0,
                "minor": 7,
                "patch": 2
            },
            "app_name": "jam4s"
        },
        "stats": {
            "steps": 1,
            "imported": 1,
            "import_max_step": 1,
            "import_min": 312.445402,
            "import_max": 312.445402,
            "import_mean": 312.445402,
            "import_p50": 312.445402,
            "import_p75": 0.0,
            "import_p90": 312.445402,
            "import_p99": 0.0,
            "import_std_dev": 0.0
        }
    },
    "error": {
        "state_diff": {
            "roots": {
                "exp": "0x4ee12ef749ca4470f93dd9121af1fd72cff481f8f0671ac1de006a5d9c0605e5",
                "got": "0x11fdf1b4c9c61b9ac66742d507e5f33119275d064bff9b4f6c9f8bb40500a94a"
            },
            "keyvals": [
                {
                    "key": "0x03000000000000000000000000000000000000000000000000000000000000",
                    "diff": {
                        "exp": "0x08ea5f9eb20004fc47c1865493f2eba3caefec36a4ed8872574baf973b40bf781536af7126cfee57e200a0d407b9b0c4ae762f44e1100bea530769738d48702b894271fca106e7909ae3ba62834260fe8e7da6628a4bdfa9ac0ca678dc7aca10be01a4b8e4fc9771ef9ab4fb2c4801609e68b21c466439dc4c417c4757903eefc0960000000000000000000000000000000000000000000000000000000000000000dc19aacff847e82860eab22c41ad21f09f4d6105f3897fad70ff6768847209ed488b686c7bee572d031d05b2f9836294bc4213d1ccf4c5fcef214e48447d292068abac61cafd64fad897b4d0c312f3c32186cea212c10148fd8c07a350955f6c007381c90401a76d86c28d9fc0fd6949b0a4ed4641e1ea8c0b4583ac93e0233e508e67a66d45e44b1cb4c1d2314cb984b8663e8ec140f64b095b64f737420635e771a4e39cb4d01056cbfcb06ad0c86d1b14777f25306ec567b2270945e227cae902ba5528190a866fff0d6c073969c0a679cfbccdb891a0a91bb9e5c6ab4c10b7690000000000000000000000000000000000000000000000000000000000000000fa26821d7ad33d71276687deaf2fedfd3a807328f6ea3ae2fab51ebea32114f60000000000000000000000000000000000000000000000000000000000000000225ee52a6691f69b4e4fab1a970a68fcabe090bfcc4a158530061a3c59b910830d90453131e3ce2819ce279dc5c9cbf164d866c0da9e2756a0806c5d6de4f9f3508937203667ebd2ef91b2203e2d02b9c840c5e04befc628c9a25f58ff6b640601b4558aeca631a004932e1b28acb4e01062b2336c17c14dfa0e8a111ff21b41680000000000000000000000000000000000000000000000000000000000000000988a81806cc424e923d10e79da0717a2d2e7ae00a96c8a8e83e5b87c358779e3230dc74ced59461bf7c864045c49bf2a3694f4af5ec85cd7a1ef5878891a0d1373bbad7be96f47ff774d4f9455f0e3a0a38645a20d7d3fb0c99534e3482cbe9801bb3d2b2ff0eb22a5bc9e185b9363ca94afcf31600eb958db90bd6dea125ce331000000000000000000000000000000000000000000000000000000000000000025bf2d88819a9d4f3ddc7d9b4f63631d3e2c1abbc882ca8f8486bc7d899b60483228be79ea2d844d7e38eea32f0f30598ee8cea5c55b3b246314ec988eec3671369de2d0f7673dcb70e670a897f477bd76407dcb2bb6848b000f996d1bf61f7c013ee8048ad1c1d90f69d67c79ae998a0af94f9185b1b6213d614d6e2083aca1ef0000000000000000000000000000000000000000000000000000000000000000101de133f7db930dba91fe32cd7cd7d89394f0d4f2eeef0082e6668df9dc51b31e6455157e5ac4f9eb374f801df07741029ce6261deba3605bce5da9a88ff00755889beea2e08d830f846707931ecc300ab65019204e33668f8dc05d9c8c5ff90235ac6c76dd5f05a169c9a1ad450bcf59f73ded945774d1f7b0905454aee076a100000000000000000000000000000000000000000000000000000000000000006420b74e77b3f154e2c6def25e889a62644e9ce7f815e17dd2c42bc5a2147ac000000000000000000000000000000000000000000000000000000000000000003c46e763c9277966a359dc9794dea471543b6e8e7b23f762de22df40c05ecad78eb8852467e855d0feb21d8149b9399cb4173b072c6614fa517ef276b049b8210000000000000000000000000000000000000000000000000000000000000000000901000000000000000000000000000000000000000000000000000000000000000001ad3228b676f7d3cd4284a5443f17f1962b36e491b30a40b2405849e597ba5fb501e77f6acdbfc10166906a8245a1ef543b525678fa378ad9b4f6e35ab65b6e65f300000000000136af7126cfee57e200a0d407b9b0c4ae762f44e1100bea530769738d48702b89",
                        "got": "0x08ea5f9eb20004fc47c1865493f2eba3caefec36a4ed8872574baf973b40bf781536af7126cfee57e200a0d407b9b0c4ae762f44e1100bea530769738d48702b894271fca106e7909ae3ba62834260fe8e7da6628a4bdfa9ac0ca678dc7aca10be01a4b8e4fc9771ef9ab4fb2c4801609e68b21c466439dc4c417c4757903eefc0960000000000000000000000000000000000000000000000000000000000000000dc19aacff847e82860eab22c41ad21f09f4d6105f3897fad70ff6768847209ed488b686c7bee572d031d05b2f9836294bc4213d1ccf4c5fcef214e48447d292068abac61cafd64fad897b4d0c312f3c32186cea212c10148fd8c07a350955f6c007381c90401a76d86c28d9fc0fd6949b0a4ed4641e1ea8c0b4583ac93e0233e508e67a66d45e44b1cb4c1d2314cb984b8663e8ec140f64b095b64f737420635e771a4e39cb4d01056cbfcb06ad0c86d1b14777f25306ec567b2270945e227cae902ba5528190a866fff0d6c073969c0a679cfbccdb891a0a91bb9e5c6ab4c10b7690000000000000000000000000000000000000000000000000000000000000000fa26821d7ad33d71276687deaf2fedfd3a807328f6ea3ae2fab51ebea32114f60000000000000000000000000000000000000000000000000000000000000000225ee52a6691f69b4e4fab1a970a68fcabe090bfcc4a158530061a3c59b910830d90453131e3ce2819ce279dc5c9cbf164d866c0da9e2756a0806c5d6de4f9f3508937203667ebd2ef91b2203e2d02b9c840c5e04befc628c9a25f58ff6b640601b4558aeca631a004932e1b28acb4e01062b2336c17c14dfa0e8a111ff21b41680000000000000000000000000000000000000000000000000000000000000000988a81806cc424e923d10e79da0717a2d2e7ae00a96c8a8e83e5b87c358779e3230dc74ced59461bf7c864045c49bf2a3694f4af5ec85cd7a1ef5878891a0d1373bbad7be96f47ff774d4f9455f0e3a0a38645a20d7d3fb0c99534e3482cbe9801bb3d2b2ff0eb22a5bc9e185b9363ca94afcf31600eb958db90bd6dea125ce331000000000000000000000000000000000000000000000000000000000000000025bf2d88819a9d4f3ddc7d9b4f63631d3e2c1abbc882ca8f8486bc7d899b60483228be79ea2d844d7e38eea32f0f30598ee8cea5c55b3b246314ec988eec3671369de2d0f7673dcb70e670a897f477bd76407dcb2bb6848b000f996d1bf61f7c013ee8048ad1c1d90f69d67c79ae998a0af94f9185b1b6213d614d6e2083aca1ef0000000000000000000000000000000000000000000000000000000000000000101de133f7db930dba91fe32cd7cd7d89394f0d4f2eeef0082e6668df9dc51b31e6455157e5ac4f9eb374f801df07741029ce6261deba3605bce5da9a88ff00755889beea2e08d830f846707931ecc300ab65019204e33668f8dc05d9c8c5ff90235ac6c76dd5f05a169c9a1ad450bcf59f73ded945774d1f7b0905454aee076a100000000000000000000000000000000000000000000000000000000000000006420b74e77b3f154e2c6def25e889a62644e9ce7f815e17dd2c42bc5a2147ac0000000000000000000000000000000000000000000000000000000000000000022705bcf93b15add2d15cf7bbb263485c05d26fbf24e88ae2fbc94778d3e42a68eb8852467e855d0feb21d8149b9399cb4173b072c6614fa517ef276b049b8210000000000000000000000000000000000000000000000000000000000000000000901000000000000000000000000000000000000000000000000000000000000000001ad3228b676f7d3cd4284a5443f17f1962b36e491b30a40b2405849e597ba5fb501e77f6acdbfc10166906a8245a1ef543b525678fa378ad9b4f6e35ab65b6e65f300000000000136af7126cfee57e200a0d407b9b0c4ae762f44e1100bea530769738d48702b89"
                    }
                },
                {
                    "key": "0x0b000000000000000000000000000000000000000000000000000000000000",
                    "diff": {
                        "exp": "0xde7ff7ff",