{
    "config": {
        "seed": "1773845712_1379",
        "max_steps": 1000000,
        "safrole": false,
        "profile": {
            "full": null
        },
        "fuzzy_profile": {
            "rand": null
        },
        "max_work_items": 5,
        "mutation_ratio": 0.1,
        "max_mutations": 0
    },
    "stats": {
        "steps": 23,
        "imported": 23,
        "import_max_step": 23,
        "import_min": 1.982364,
        "import_max": 145.261848,
        "import_mean": 15.817673217391302,
        "import_p50": 5.504,
        "import_p75": 11.853,
        "import_p90": 38.785,
        "import_p99": 145.261,
        "import_std_dev": 30.391348819336596
    },
    "target": {
        "info": {
            "fuzz_version": 1,
            "fuzz_features": 2,
            "jam_version": {
                "major": 0,
                "minor": 7,
                "patch": 2
            },
            "app_version": {
                "major": 0,
                "minor": 3,
                "patch": 12
            },
            "app_name": "vinwolf-target"
        },
        "stats": {
            "steps": 23,
            "imported": 23,
            "import_max_step": 16,
            "import_min": 2.452084,
            "import_max": 334.877304,
            "import_mean": 35.70558534782609,
            "import_p50": 17.196,
            "import_p75": 43.744,
            "import_p90": 49.281,
            "import_p99": 334.877,
            "import_std_dev": 67.62754406583997
        }
    },
    "error": {
        "state_diff": {
            "roots": {
                "exp": "0x12b175ee03fb092fa54591155bea8a8255ad8a60842e7a6fc666f6e2ba6ba41e",
                "got": "0x949a710cb669510bbaa95b75ab3132e750ecb30a8c111db177495b6c1a82940e"
            },
            "keyvals": [
                {
                    "key": "0x04000000000000000000000000000000000000000000000000000000000000",
                    "diff": {
                        "exp": "0xff71c6c03ff88adb5ed52c9681de1629a54e702fc14729f6b50d2f0a76f185b34418fb8c85bb3985394a8c2756d3643457ce614546202a2f50b093d762499ace00000000000000000000000000000000000000000000000000000000000000000000000000000000000000000000000000000000000000000000000000000000000000000000000000000000000000000000000000000000000000000000000000000000000000000000000000000000000000000000000000000000000000000000000000000000000000000000000000000000000000000000ffff7f000001409c0000000000000000000000000000000000000000000000000000000000000000000000000000000000000000000000000000000000000000000000000000000000000000000000000000000000000000000000000000000000000000000000000000000000000000000000000000dee6d555b82024f1ccf8a1e37e60fa60fd40b1958c4bb3006af78647950e1b91ad93247bd01307550ec7acd757ce6fb805fcf73db364063265b30a949e90d93300000000000000000000000000000000000000000000000000000000000000000000000000000000000000000000000000000000000000000000000000000000000000000000000000000000000000000000000000000000000000000000000000000000000000000000000000000000000000000000000000000000000000000000000000000000000000000000000000000000000000000000ffff7f000001419c00000000000000000000000000000000000000000000000000000000000000000000000000000000000000000000000000000000000000000000000000000000000000000000000000000000000000000000000000000000000000000000000000000000000000000000000000002105650944fcd101621fd5bb3124c9fd191d114b7ad936c1d79d734f9f21392eab0084d01534b31c1dd87c81645fd762482a90027754041ca1b56133d0466c0600000000000000000000000000000000000000000000000000000000000000000000000000000000000000000000000000000000000000000000000000000000000000000000000000000000000000000000000000000000000000000000000000000000000000000000000000000000000000000000000000000000000000000000000000000000000000000000000000000000000000000000ffff7f000001459c00000000000000000000000000000000000000000000000000000000000000000000000000000000000000000000000000000000000000000000000000000000000000000000000000000000000000000000000000000000000000000000000000000000000000000000000000000746846d17469fb2f95ef365efcab9f4e22fa1feb53111c995376be8019981ccf30aa5444688b3cab47697b37d5cac5707bb3289e986b19b17db437206931a8d00000000000000000000000000000000000000000000000000000000000000000000000000000000000000000000000000000000000000000000000000000000000000000000000000000000000000000000000000000000000000000000000000000000000000000000000000000000000000000000000000000000000000000000000000000000000000000000000000000000000000000000ffff7f000001439c00000000000000000000000000000000000000000000000000000000000000000000000000000000000000000000000000000000000000000000000000000000000000000000000000000000000000000000000000000000000000000000000000000000000000000000000000009326edb21e5541717fde24ec085000b28709847b8aab1ac51f84e94b37ca1b66cab2b9ff25c2410fbe9b8a717abb298c716a03983c98ceb4def2087500b8e34100000000000000000000000000000000000000000000000000000000000000000000000000000000000000000000000000000000000000000000000000000000000000000000000000000000000000000000000000000000000000000000000000000000000000000000000000000000000000000000000000000000000000000000000000000000000000000000000000000000000000000000ffff7f000001429c0000000000000000000000000000000000000000000000000000000000000000000000000000000000000000000000000000000000000000000000000000000000000000000000000000000000000000000000000000000000000000000000000000000000000000000000000000151e5c8fe2b9d8a606966a79edd2f9e5db47e83947ce368ccba53bf6ba20a40b8b8c5d436f92ecf605421e873a99ec528761eb52a88a2f9a057b3b3003e6f32a00000000000000000000000000000000000000000000000000000000000000000000000000000000000000000000000000000000000000000000000000000000000000000000000000000000000000000000000000000000000000000000000000000000000000000000000000000000000000000000000000000000000000000000000000000000000000000000000000000000000000000000ffff7f000001449c0000000000000000000000000000000000000000000000000000000000000000000000000000000000000000000000000000000000000000000000000000000000000000000000000000000000000000000000000000000000000000000000000000000000000000000000000000926ab9d3e6e810500eeee36401851993de2339f3108df7f2d6261f1753f7666fae922ab621b566c577be2c5f564a6caa99696d06a82c4967ec5bec2df4dfab5d9a3c1e2980b96c71779fc6e30be19efa8ddd403dd9bc18cee1a986b5daad9bcf92e630ae2b14e758ab0960e372172203f4c9a41777dadd529971d7ab9d23ab29fe0e9c85ec450505dde7f5ac038274cf019326edb21e5541717fde24ec085000b28709847b8aab1ac51f84e94b37ca1b66ff71c6c03ff88adb5ed52c9681de1629a54e702fc14729f6b50d2f0a76f185b32105650944fcd101621fd5bb3124c9fd191d114b7ad936c1d79d734f9f21392eff71c6c03ff88adb5ed52c9681de1629a54e702fc14729f6b50d2f0a76f185b30746846d17469fb2f95ef365efcab9f4e22fa1feb53111c995376be8019981cc151e5c8fe2b9d8a606966a79edd2f9e5db47e83947ce368ccba53bf6ba20a40b9326edb21e5541717fde24ec085000b28709847b8aab1ac51f84e94b37ca1b66dee6d555b82024f1ccf8a1e37e60fa60fd40b1958c4bb3006af78647950e1b919326edb21e5541717fde24ec085000b28709847b8aab1ac51f84e94b37ca1b66ff71c6c03ff88adb5ed52c9681de1629a54e702fc14729f6b50d2f0a76f185b32105650944fcd101621fd5bb3124c9fd191d114b7ad936c1d79d734f9f21392e9326edb21e5541717fde24ec085000b28709847b8aab1ac51f84e94b37ca1b6600",